student_id,payment_history,late_payments,outstanding_balance,accommodation_type,monthly_income,payment_trend,semester,length_of_stay,risk_label
STU0001,12,4,4541.54,shared,6144.52,stable,2,15,0
STU0002,24,0,0.0,shared,10310.89,increasing,6,39,0
STU0003,21,0,11.65,shared,8086.53,increasing,6,30,0
STU0004,12,7,5482.73,shared,7293.01,stable,5,11,1
STU0005,24,2,4381.16,single,9081.2,stable,8,35,0
STU0006,15,3,1427.74,shared,8557.81,increasing,1,29,0
STU0007,23,0,0.0,shared,9542.04,stable,3,39,0
STU0008,9,8,11983.05,shared,5500.72,decreasing,2,8,1
STU0009,11,9,9934.68,single,7280.96,decreasing,5,12,1
STU0010,22,0,0.0,shared,10761.7,stable,6,15,0
STU0011,15,5,5405.17,single,8577.79,decreasing,8,17,0
STU0012,17,0,0.0,shared,4457.89,decreasing,4,43,0
STU0013,22,1,0.0,shared,9109.53,stable,2,36,0
STU0014,15,6,5956.02,shared,9158.42,increasing,8,27,0
STU0015,11,6,5662.33,shared,4173.21,decreasing,6,26,1
STU0016,24,0,1767.16,single,10089.23,increasing,7,43,0
STU0017,17,2,0.0,shared,9838.96,stable,4,22,0
STU0018,14,4,7035.19,single,10042.98,increasing,4,11,0
STU0019,16,1,0.0,shared,9579.95,increasing,4,7,0
STU0020,13,6,5123.91,shared,4489.33,stable,6,16,0
STU0021,21,0,270.8,shared,8827.6,increasing,2,32,0
STU0022,16,4,5981.61,single,8340.31,increasing,8,23,0
STU0023,14,3,4488.68,shared,6793.02,stable,2,21,0
STU0024,18,1,894.9,shared,10176.39,stable,4,24,0
STU0025,24,0,0.0,shared,11698.19,increasing,3,47,0
STU0026,24,0,299.75,single,14101.76,stable,6,48,0
STU0027,15,2,827.98,shared,11287.02,stable,6,8,0
STU0028,11,7,11035.86,single,9269.6,decreasing,8,6,1
STU0029,13,5,7350.85,single,10577.81,stable,7,12,0
STU0030,24,0,0.0,shared,9917.06,stable,2,41,0
STU0031,17,3,2154.68,shared,8302.94,stable,2,23,0
STU0032,24,0,0.0,shared,8326.91,decreasing,8,42,0
STU0033,23,0,1904.62,single,12666.46,stable,4,32,0
STU0034,20,1,2334.83,single,9125.82,stable,1,27,0
STU0035,12,5,4678.49,shared,6176.78,decreasing,7,14,0
STU0036,15,6,7833.37,single,8680.82,stable,6,17,0
STU0037,17,5,6264.63,single,11210.7,stable,1,8,0
STU0038,19,0,0.0,shared,8007.48,stable,7,25,0
STU0039,18,4,4912.85,single,10911.86,stable,5,14,0
STU0040,16,2,2447.14,shared,9675.2,increasing,5,15,0
STU0041,8,4,3533.97,shared,7062.9,increasing,7,2,0
STU0042,21,2,1620.82,shared,9890.62,decreasing,4,39,0
STU0043,23,0,0.0,shared,8947.11,increasing,4,46,0
STU0044,13,7,10601.21,single,5780.7,decreasing,5,24,1
STU0045,19,1,0.0,shared,11605.76,stable,2,26,0
STU0046,22,0,0.0,shared,6748.14,stable,2,45,0
STU0047,16,4,6677.39,single,5357.16,increasing,7,25,0
STU0048,16,6,8051.8,single,7682.5,stable,2,30,0
STU0049,13,2,0.0,shared,5447.39,increasing,5,21,0
STU0050,17,3,5579.79,single,9616.39,decreasing,3,25,0
STU0051,17,3,5070.23,single,8485.22,increasing,2,26,0
STU0052,20,1,2043.73,single,8948.85,decreasing,5,35,0
STU0053,22,0,0.0,shared,9549.25,decreasing,7,30,0
STU0054,17,3,802.69,shared,8849.69,stable,4,25,0
STU0055,14,3,2505.37,shared,8790.12,stable,2,4,0
STU0056,24,0,259.76,shared,9024.57,increasing,2,44,0
STU0057,23,0,0.0,shared,9540.34,increasing,2,43,0
STU0058,3,9,9007.72,shared,2730.12,increasing,8,9,1
STU0059,14,5,7547.17,single,7853.0,stable,3,15,0
STU0060,21,2,4196.85,single,4332.05,stable,3,47,0
STU0061,15,2,2050.52,shared,8090.15,increasing,1,16,0
STU0062,24,0,0.0,shared,7988.42,increasing,4,39,0
STU0063,24,0,0.0,shared,10613.83,increasing,8,38,0
STU0064,24,0,0.0,shared,10969.09,stable,4,42,0
STU0065,10,3,1320.48,shared,8506.94,increasing,6,1,0
STU0066,16,3,1165.91,shared,6749.1,increasing,2,24,0
STU0067,18,0,0.0,shared,9212.9,increasing,2,28,0
STU0068,24,1,2875.41,single,8237.08,increasing,6,41,0
STU0069,16,5,5379.52,single,9864.94,decreasing,1,11,0
STU0070,18,0,0.0,shared,10465.34,increasing,4,15,0
STU0071,14,3,5572.76,single,8603.85,stable,3,9,0
STU0072,24,1,0.0,shared,10014.2,decreasing,1,37,0
STU0073,24,0,0.0,shared,9693.5,increasing,5,48,0
STU0074,11,6,7584.47,single,7574.34,decreasing,8,7,1
STU0075,21,0,1686.22,single,12264.75,decreasing,1,12,0
STU0076,21,0,0.0,single,12204.64,stable,7,15,0
STU0077,24,0,2158.51,single,9373.1,stable,5,43,0
STU0078,14,5,4920.67,shared,6094.19,increasing,6,22,0
STU0079,12,4,3826.37,shared,5851.98,stable,1,14,0
STU0080,14,5,3293.54,shared,6655.84,stable,7,16,0
STU0081,17,1,0.0,shared,9356.49,stable,1,29,0
STU0082,9,5,5771.94,shared,5610.94,decreasing,8,19,1
STU0083,11,4,2099.52,shared,9093.78,increasing,6,7,0
STU0084,18,0,1981.78,single,6779.04,increasing,3,40,0
STU0085,15,5,7332.39,single,8377.48,stable,1,21,0
STU0086,18,3,3903.21,single,10353.59,stable,5,13,0
STU0087,24,0,0.0,shared,14112.83,increasing,1,35,0
STU0088,17,0,0.0,shared,4556.71,decreasing,5,36,0
STU0089,16,5,6825.94,single,13471.59,increasing,7,8,0
STU0090,10,7,8763.24,shared,8374.61,decreasing,3,4,1
STU0091,14,7,10896.52,single,9622.82,decreasing,2,3,1
STU0092,22,0,0.0,shared,8295.87,decreasing,2,37,0
STU0093,19,2,731.55,shared,9111.82,stable,2,31,0
STU0094,22,0,605.36,single,8392.28,stable,1,39,0
STU0095,24,0,97.63,single,13996.31,stable,2,31,0
STU0096,14,2,1914.98,shared,6858.82,stable,6,20,0
STU0097,22,0,0.0,single,12520.43,increasing,3,29,0
STU0098,19,1,3297.24,single,7734.57,stable,7,35,0
STU0099,17,4,8043.72,single,9262.93,stable,7,20,0
STU0100,19,0,0.0,shared,5320.09,increasing,7,44,0
STU0101,24,0,0.0,shared,9137.56,increasing,5,44,0
STU0102,23,0,0.0,shared,11612.81,increasing,3,39,0
STU0103,24,0,1895.27,single,9208.61,increasing,8,48,0
STU0104,14,6,6014.09,shared,7507.79,decreasing,2,19,0
STU0105,8,8,9694.81,shared,5213.46,increasing,4,6,1
STU0106,15,1,0.0,shared,7426.77,stable,4,24,0
STU0107,15,4,5027.92,shared,4018.01,increasing,6,36,0
STU0108,20,4,6054.79,single,7246.05,increasing,5,38,0
STU0109,19,3,3953.91,single,9423.9,increasing,7,19,0
STU0110,18,1,0.0,shared,11297.53,increasing,8,15,0
STU0111,24,0,0.0,shared,15023.03,stable,4,22,0
STU0112,19,2,5846.03,single,6955.53,increasing,7,39,0
STU0113,17,3,4109.01,single,12630.69,increasing,2,3,0
STU0114,16,2,1753.11,shared,8609.38,increasing,8,16,0
STU0115,17,3,4165.82,single,9315.41,increasing,2,12,0
STU0116,24,0,0.0,shared,9081.49,stable,7,39,0
STU0117,18,1,0.0,shared,8154.79,stable,4,23,0
STU0118,11,5,5859.79,shared,8275.99,decreasing,8,5,1
STU0119,13,3,2032.39,shared,6979.17,stable,2,13,0
STU0120,8,8,8053.76,shared,4504.73,decreasing,4,3,1
STU0121,11,4,4334.32,shared,4140.94,stable,8,23,0
STU0122,24,0,0.0,shared,9633.11,decreasing,1,48,0
STU0123,20,2,5186.52,single,9042.16,increasing,3,28,0
STU0124,21,1,577.28,shared,6509.78,stable,1,42,0
STU0125,21,0,1668.6,single,9835.97,stable,3,36,0
STU0126,24,0,0.0,shared,9987.33,decreasing,4,43,0
STU0127,17,2,2192.94,single,10360.29,stable,5,15,0
STU0128,19,5,6350.59,single,7907.16,stable,3,46,0
STU0129,19,1,672.39,single,12958.08,increasing,2,12,0
STU0130,21,0,0.0,shared,11947.96,stable,2,22,0
STU0131,22,4,6545.34,single,10334.13,stable,8,33,0
STU0132,20,0,0.0,shared,10434.16,decreasing,8,14,0
STU0133,15,4,3213.76,shared,11104.9,decreasing,2,13,0
STU0134,15,4,2839.25,single,12453.58,stable,2,7,0
STU0135,7,7,9025.19,shared,9535.25,decreasing,1,1,1
STU0136,19,2,2409.88,single,10638.96,decreasing,8,25,0
STU0137,24,0,656.94,shared,9299.15,increasing,6,48,0
STU0138,9,5,3762.26,shared,5256.66,decreasing,7,11,1
STU0139,21,0,0.0,shared,9751.81,stable,3,22,0
STU0140,23,0,0.0,single,6810.91,stable,6,45,0
STU0141,19,1,660.1,shared,6013.5,increasing,1,38,0
STU0142,13,3,809.91,shared,11258.91,stable,6,1,0
STU0143,22,0,0.0,shared,10100.55,stable,5,25,0
STU0144,16,4,1669.71,shared,11718.5,decreasing,3,7,0
STU0145,11,4,4479.23,shared,7320.81,increasing,6,12,0
STU0146,9,7,10550.21,single,7075.0,decreasing,6,12,1
STU0147,19,1,4162.3,single,8998.2,increasing,4,30,0
STU0148,14,6,5276.03,shared,8255.08,decreasing,2,10,0
STU0149,18,2,1389.2,shared,8197.47,stable,1,13,0
STU0150,18,3,2955.83,single,12365.55,stable,8,11,0
STU0151,12,3,2200.44,shared,7096.82,increasing,3,18,0
STU0152,18,1,0.0,shared,8880.09,stable,3,32,0
STU0153,16,5,7852.24,single,7414.7,stable,6,20,0
STU0154,12,4,4448.15,shared,9125.79,increasing,3,16,0
STU0155,20,4,6861.58,single,9529.88,increasing,4,25,0
STU0156,18,5,4238.37,shared,6125.47,stable,6,30,0
STU0157,12,5,8156.83,single,8944.26,stable,5,1,0
STU0158,22,0,0.0,shared,7539.56,increasing,6,43,0
STU0159,23,0,0.0,shared,7324.61,stable,1,44,0
STU0160,24,0,0.0,shared,12428.35,stable,4,29,0
STU0161,18,5,6591.26,single,8992.0,stable,4,28,0
STU0162,23,0,633.77,shared,7390.26,stable,6,34,0
STU0163,12,7,10488.82,single,4790.6,increasing,2,22,1
STU0164,16,3,5177.59,single,7313.48,increasing,2,18,0
STU0165,9,7,7036.41,shared,7342.32,increasing,7,17,1
STU0166,14,5,9806.53,single,7596.35,stable,6,8,0
STU0167,24,0,0.0,shared,11454.27,stable,7,41,0
STU0168,14,4,2940.79,shared,7587.66,stable,3,16,0
STU0169,20,1,1544.58,single,12545.35,increasing,8,14,0
STU0170,24,0,0.0,shared,8154.26,decreasing,3,47,0
STU0171,18,3,4743.44,single,10016.22,increasing,6,25,0
STU0172,19,2,532.07,shared,7778.01,increasing,2,30,0
STU0173,14,7,9817.96,single,10139.05,decreasing,8,12,1
STU0174,18,1,807.54,shared,12296.99,stable,3,14,0
STU0175,17,6,7856.14,single,3534.89,increasing,7,35,0
STU0176,16,5,6494.63,single,5848.13,decreasing,3,22,0
STU0177,9,5,4520.53,shared,6642.07,stable,7,8,1
STU0178,20,1,0.0,shared,8036.32,stable,4,41,0
STU0179,16,2,2939.68,shared,9725.26,increasing,1,20,0
STU0180,22,0,0.0,shared,9182.72,stable,2,33,0
STU0181,12,4,4688.41,shared,7039.39,stable,6,17,0
STU0182,21,0,0.0,shared,10547.61,decreasing,2,27,0
STU0183,24,0,0.0,shared,10575.49,stable,3,38,0
STU0184,24,2,1959.04,single,9928.39,stable,5,43,0
STU0185,18,2,1620.74,shared,10406.64,decreasing,3,10,0
STU0186,20,2,1588.81,shared,8681.61,decreasing,2,33,0
STU0187,22,2,5052.22,single,7558.51,decreasing,5,44,0
STU0188,21,1,1785.67,single,11356.69,increasing,6,31,0
STU0189,14,2,1016.74,shared,8276.53,stable,6,7,0
STU0190,13,6,8419.6,single,9669.62,increasing,8,10,1
STU0191,18,1,339.54,shared,11682.38,increasing,1,10,0
STU0192,6,8,10073.05,single,3711.56,decreasing,4,6,1
STU0193,16,4,7198.48,single,5583.86,increasing,2,37,0
STU0194,19,1,424.66,shared,5032.32,increasing,8,47,0
STU0195,20,3,3823.38,single,8119.87,stable,5,25,0
STU0196,21,2,1388.29,single,9514.06,increasing,1,29,0
STU0197,14,3,2828.77,shared,4231.69,increasing,6,38,0
STU0198,13,5,6617.15,shared,5537.1,stable,1,20,0
STU0199,16,4,7778.96,single,7971.5,stable,3,23,0
STU0200,24,0,297.89,single,17049.88,decreasing,6,29,0
STU0201,20,0,86.35,shared,12504.35,increasing,5,15,0
STU0202,9,8,8511.46,shared,6970.63,increasing,7,3,1
STU0203,20,0,0.0,shared,7091.04,increasing,5,28,0
STU0204,16,5,7118.53,single,6201.58,decreasing,7,40,0
STU0205,6,12,15756.77,single,4190.88,stable,5,4,1
STU0206,18,2,2863.8,single,9057.97,stable,1,11,0
STU0207,11,7,7879.91,single,6397.07,decreasing,1,13,1
STU0208,18,0,118.91,shared,7787.87,stable,7,39,0
STU0209,13,9,11829.57,single,5525.33,decreasing,1,25,1
STU0210,18,2,684.3,shared,6095.06,increasing,4,26,0
STU0211,20,0,0.0,shared,8371.57,increasing,1,31,0
STU0212,13,6,5658.31,shared,8915.52,decreasing,3,14,0
STU0213,22,2,5109.95,single,10356.98,stable,5,35,0
STU0214,5,7,9788.96,shared,4698.78,decreasing,2,2,1
STU0215,15,2,0.0,shared,10136.71,stable,4,6,0
STU0216,22,1,0.0,shared,5999.47,increasing,8,40,0
STU0217,24,0,0.0,single,10580.96,stable,1,32,0
STU0218,14,2,4597.87,single,8603.15,stable,1,9,0
STU0219,9,7,8002.74,shared,4559.03,decreasing,3,22,1
STU0220,9,6,7766.14,single,8648.6,increasing,7,3,1
STU0221,23,3,4645.69,single,10179.2,stable,4,33,0
STU0222,20,0,0.0,shared,9532.41,decreasing,6,37,0
STU0223,13,3,4067.12,shared,7647.53,increasing,1,14,0
STU0224,20,0,0.0,shared,11829.45,stable,6,17,0
STU0225,15,1,2636.84,single,11553.24,increasing,1,12,0
STU0226,12,3,0.0,shared,7358.36,increasing,6,19,0
STU0227,18,4,5524.15,single,11393.71,decreasing,2,14,0
STU0228,20,3,3758.04,shared,12834.48,increasing,7,12,0
STU0229,24,0,0.0,shared,12901.21,decreasing,3,21,0
STU0230,21,2,2101.93,single,6339.85,increasing,2,42,0
STU0231,20,2,3507.97,single,7190.7,increasing,3,37,0
STU0232,17,0,0.0,shared,11712.3,increasing,1,15,0
STU0233,18,5,6907.96,shared,5354.3,decreasing,2,46,0
STU0234,8,7,7940.23,shared,4693.65,stable,5,11,1
STU0235,22,3,1814.53,shared,6784.51,decreasing,3,44,0
STU0236,16,4,3476.57,shared,9050.57,decreasing,3,15,0
STU0237,13,1,0.0,shared,7744.01,increasing,7,26,0
STU0238,9,5,3959.0,shared,6373.59,stable,1,10,1
STU0239,23,0,1386.35,single,7667.29,increasing,4,37,0
STU0240,14,5,8222.01,single,7491.08,decreasing,2,16,0
STU0241,17,2,0.0,shared,5801.23,stable,4,42,0
STU0242,22,3,1163.23,shared,13704.08,decreasing,3,4,0
STU0243,19,1,3205.68,single,10026.68,stable,1,25,0
STU0244,15,3,616.01,shared,10216.9,stable,1,8,0
STU0245,22,1,412.59,shared,6777.31,stable,7,43,0
STU0246,15,3,2535.71,shared,7535.11,increasing,1,21,0
STU0247,16,3,4381.96,shared,6216.12,increasing,7,33,0
STU0248,20,0,0.0,shared,2000.0,increasing,8,43,0
STU0249,17,4,6219.11,single,6061.93,stable,4,26,0
STU0250,7,9,11133.94,shared,3473.45,stable,3,3,1
STU0251,7,9,9117.32,shared,2375.54,stable,7,11,1
STU0252,7,8,8627.38,shared,5011.6,decreasing,8,11,1
STU0253,24,0,0.0,shared,11312.39,stable,1,44,0
STU0254,23,2,3345.8,single,9435.25,decreasing,8,44,0
STU0255,22,1,2697.07,single,12342.23,stable,8,23,0
STU0256,20,0,0.0,shared,9027.46,decreasing,2,43,0
STU0257,11,4,2557.86,shared,9956.4,increasing,1,12,0
STU0258,19,3,5232.01,single,6697.93,increasing,6,33,0
STU0259,17,4,7151.39,single,10927.03,stable,1,19,0
STU0260,11,4,2495.37,shared,9821.79,increasing,5,12,0
STU0261,15,3,4992.96,single,8348.02,increasing,1,13,0
STU0262,22,0,0.0,shared,9398.85,increasing,6,21,0
STU0263,21,0,778.88,single,11054.11,increasing,2,17,0
STU0264,13,5,5614.04,single,8368.66,stable,1,11,0
STU0265,11,3,4231.8,shared,5193.08,increasing,1,17,0
STU0266,11,6,8041.21,single,5896.23,increasing,2,7,1
STU0267,24,0,1949.92,single,10507.68,stable,5,47,0
STU0268,17,2,2800.26,single,9855.78,decreasing,1,19,0
STU0269,10,8,10424.99,single,6996.71,increasing,7,6,1
STU0270,20,3,5881.09,single,9546.91,increasing,5,28,0
STU0271,24,0,1861.7,single,10881.25,increasing,3,43,0
STU0272,18,2,3519.53,single,10594.22,increasing,8,18,0
STU0273,24,0,1277.07,single,13227.21,increasing,6,41,0
STU0274,24,0,0.0,shared,11192.45,increasing,6,30,0
STU0275,20,0,0.0,shared,5496.77,stable,2,36,0
STU0276,21,3,3486.56,single,13012.13,stable,6,15,0
STU0277,14,7,10507.49,single,8643.86,stable,5,2,1
STU0278,17,2,114.76,shared,10612.18,increasing,8,17,0
STU0279,24,0,259.66,shared,8169.97,increasing,4,45,0
STU0280,21,0,0.0,shared,6969.63,stable,6,38,0
STU0281,23,4,6629.24,single,4608.45,stable,3,38,0
STU0282,21,2,4302.17,single,9043.74,decreasing,1,43,0
STU0283,11,9,12396.21,single,6184.38,decreasing,2,18,1
STU0284,19,3,4092.1,single,11399.96,increasing,7,16,0
STU0285,24,0,0.0,shared,11791.98,decreasing,6,45,0
STU0286,20,0,0.0,shared,6007.72,decreasing,3,28,0
STU0287,14,6,7677.5,single,9064.29,increasing,6,15,0
STU0288,16,4,5943.25,single,8203.41,stable,1,14,0
STU0289,23,1,245.97,shared,6428.79,decreasing,1,43,0
STU0290,16,1,2824.25,single,11602.23,decreasing,5,3,0
STU0291,8,6,5914.61,shared,7903.65,decreasing,5,3,1
STU0292,24,2,4549.59,single,14391.41,stable,8,36,0
STU0293,11,4,3624.3,shared,6794.42,stable,7,1,0
STU0294,17,3,4240.86,single,10809.7,increasing,3,9,0
STU0295,24,0,0.0,shared,8243.53,decreasing,7,48,0
STU0296,19,1,0.0,shared,9989.45,stable,4,21,0
STU0297,19,0,0.0,shared,6882.11,stable,7,35,0
STU0298,18,1,0.0,shared,7876.1,increasing,2,24,0
STU0299,11,6,7179.14,shared,7711.25,stable,1,5,1
STU0300,8,6,6280.39,shared,5909.86,decreasing,1,9,1
STU0301,21,1,0.0,shared,9655.2,increasing,8,37,0
STU0302,12,7,10596.17,single,10202.45,increasing,1,5,1
STU0303,21,1,1328.59,shared,9483.89,increasing,8,29,0
STU0304,19,0,0.0,shared,11842.41,increasing,6,17,0
STU0305,20,5,3403.41,shared,11623.36,decreasing,2,18,0
STU0306,23,1,0.0,shared,7062.64,stable,7,46,0
STU0307,21,2,5080.71,single,10886.83,increasing,2,30,0
STU0308,20,0,0.0,shared,6441.0,stable,2,30,0
STU0309,14,5,7028.4,single,8026.5,decreasing,5,17,0
STU0310,14,8,11714.11,single,7361.58,decreasing,3,19,1
STU0311,24,0,0.0,shared,12050.18,stable,3,33,0
STU0312,8,8,7692.16,shared,8909.25,stable,2,2,1
STU0313,12,8,11125.01,single,7962.86,decreasing,5,12,1
STU0314,24,0,1461.31,single,13101.67,stable,1,29,0
STU0315,10,9,11527.69,single,4080.14,increasing,2,30,1
STU0316,10,6,8959.76,single,5017.21,increasing,5,5,1
STU0317,24,0,0.0,single,11628.08,increasing,4,38,0
STU0318,17,2,193.74,shared,8151.17,increasing,6,27,0
STU0319,17,4,5190.76,single,10307.62,increasing,2,12,0
STU0320,19,3,3374.52,shared,4684.01,increasing,6,37,0
STU0321,23,0,0.0,shared,7941.92,stable,7,48,0
STU0322,24,0,0.0,shared,13008.77,stable,4,21,0
STU0323,16,2,3336.01,single,10770.33,stable,3,14,0
STU0324,14,3,1189.4,shared,8424.27,stable,5,15,0
STU0325,15,1,593.45,shared,6902.37,increasing,5,29,0
STU0326,10,3,3679.35,shared,7013.57,increasing,1,3,0
STU0327,13,6,6719.24,shared,2677.01,decreasing,5,24,1
STU0328,11,4,3300.74,shared,8644.1,stable,2,2,0
STU0329,10,6,6056.38,shared,10113.71,decreasing,5,2,1
STU0330,12,8,9044.45,single,6847.21,decreasing,8,21,1
STU0331,19,0,0.0,shared,6346.46,decreasing,5,36,0
STU0332,24,2,7048.99,single,6352.64,increasing,7,43,0
STU0333,9,5,5039.33,shared,5586.62,decreasing,3,5,1
STU0334,13,1,0.0,shared,8133.7,increasing,8,12,0
STU0335,12,7,11067.01,single,3843.98,decreasing,7,21,1
STU0336,19,0,214.98,shared,9535.68,stable,8,28,0
STU0337,24,0,1799.87,single,11167.29,decreasing,6,48,0
STU0338,17,5,2738.56,shared,7372.24,stable,6,33,0
STU0339,14,4,7405.66,single,3051.62,stable,5,26,0
STU0340,2,10,13745.59,shared,5508.95,increasing,8,3,1
STU0341,18,1,2434.1,single,12588.94,stable,7,4,0
STU0342,4,11,11745.4,shared,2000.0,decreasing,4,8,1
STU0343,17,3,2812.15,shared,7131.19,decreasing,1,32,0
STU0344,14,5,3961.81,shared,5050.0,increasing,1,16,0
STU0345,14,2,2131.09,shared,10011.43,stable,2,12,0
STU0346,16,2,497.28,shared,6312.22,stable,1,33,0
STU0347,23,0,0.0,shared,9009.89,increasing,2,40,0
STU0348,21,4,4767.96,single,11161.71,increasing,1,22,0
STU0349,24,0,0.0,shared,12590.56,increasing,8,43,0
STU0350,18,2,5058.88,single,8848.5,stable,1,36,0
STU0351,19,1,0.0,shared,8940.11,decreasing,6,35,0
STU0352,23,5,6905.12,single,6904.55,decreasing,3,42,0
STU0353,16,2,0.0,shared,10976.03,stable,2,9,0
STU0354,19,3,813.49,shared,6098.73,increasing,6,37,0
STU0355,21,0,0.0,shared,6598.11,decreasing,8,46,0
STU0356,23,0,0.0,shared,7944.38,increasing,7,48,0
STU0357,17,4,5166.32,shared,4092.79,decreasing,8,28,0
STU0358,21,0,0.0,shared,8571.93,decreasing,5,37,0
STU0359,24,0,7.74,shared,10418.67,increasing,6,43,0
STU0360,24,0,0.0,shared,8732.33,increasing,2,41,0
STU0361,17,4,3957.82,shared,4027.76,stable,7,44,0
STU0362,22,3,3629.14,single,9275.21,decreasing,6,40,0
STU0363,20,4,6512.53,single,11854.91,stable,3,19,0
STU0364,16,8,13544.42,single,4353.97,decreasing,3,36,1
STU0365,13,5,3441.22,shared,5313.08,stable,5,20,0
STU0366,24,0,0.0,shared,10191.36,increasing,1,39,0
STU0367,23,1,1163.49,shared,8675.24,stable,7,39,0
STU0368,20,1,0.0,shared,9029.93,increasing,3,45,0
STU0369,24,0,938.02,single,14191.07,increasing,1,29,0
STU0370,18,0,0.0,shared,9171.38,increasing,3,23,0
STU0371,14,4,3431.52,shared,9644.72,increasing,7,8,0
STU0372,24,0,530.02,single,16801.61,stable,3,31,0
STU0373,20,2,5252.78,single,9387.46,stable,5,28,0
STU0374,17,5,9211.67,single,8245.02,stable,7,25,0
STU0375,24,1,2066.86,single,10474.46,increasing,1,33,0
STU0376,23,3,4132.11,single,9570.1,stable,7,41,0
STU0377,9,3,1677.54,shared,6683.21,stable,3,8,0
STU0378,19,2,2564.11,shared,5419.01,increasing,6,21,0
STU0379,24,0,0.0,single,14789.71,decreasing,2,35,0
STU0380,23,0,0.0,shared,8817.11,stable,2,40,0
STU0381,16,2,1577.3,shared,6169.29,increasing,7,38,0
STU0382,24,0,0.0,shared,10289.83,decreasing,7,39,0
STU0383,20,0,0.0,shared,7727.14,stable,8,42,0
STU0384,22,2,3859.34,shared,7367.8,increasing,6,47,0
STU0385,24,3,4295.93,single,11216.48,increasing,4,30,0
STU0386,10,5,4849.05,shared,4770.29,decreasing,2,12,1
STU0387,20,1,883.1,shared,8881.57,stable,3,28,0
STU0388,22,0,0.0,shared,12782.39,stable,6,35,0
STU0389,17,4,7303.5,single,9572.22,stable,3,5,0
STU0390,17,3,2705.77,shared,7059.47,stable,4,37,0
STU0391,19,2,1141.74,shared,6732.24,decreasing,2,27,0
STU0392,24,3,2954.46,single,9078.78,stable,4,45,0
STU0393,13,6,4475.5,shared,7365.09,decreasing,2,11,0
STU0394,20,0,0.0,shared,7055.48,increasing,1,44,0
STU0395,20,3,4785.57,single,11291.77,stable,2,22,0
STU0396,12,7,6487.7,shared,3666.98,stable,5,28,1
STU0397,22,0,0.0,shared,10155.0,decreasing,3,32,0
STU0398,20,4,5857.74,single,9816.74,stable,1,28,0
STU0399,20,0,0.0,shared,8942.37,stable,5,44,0
STU0400,11,6,5578.77,shared,5182.53,decreasing,2,9,1
STU0401,24,0,1228.11,single,12627.68,increasing,1,36,0
STU0402,24,0,0.0,shared,11114.09,increasing,2,47,0
STU0403,15,2,0.0,shared,10398.98,increasing,4,11,0
STU0404,11,6,10113.93,single,5162.78,decreasing,8,13,1
STU0405,17,0,0.0,shared,10072.8,increasing,2,23,0
STU0406,17,4,3213.25,shared,9012.14,increasing,3,35,0
STU0407,22,2,4598.94,single,6283.28,increasing,2,47,0
STU0408,22,0,0.0,shared,7939.26,stable,3,39,0
STU0409,22,0,1504.26,single,9191.71,stable,6,39,0
STU0410,16,3,1374.62,shared,9390.19,increasing,3,22,0
STU0411,20,2,3203.93,shared,8443.15,increasing,6,31,0
STU0412,11,4,2911.17,shared,8728.08,increasing,8,11,0
STU0413,21,1,3284.91,single,13140.68,increasing,8,23,0
STU0414,15,4,2951.37,shared,11065.08,increasing,5,10,0
STU0415,6,8,12497.97,single,2727.53,increasing,6,2,1
STU0416,21,2,4443.23,single,7939.97,increasing,8,42,0
STU0417,21,1,3522.37,single,8829.87,stable,7,39,0
STU0418,16,3,2216.41,shared,3619.75,decreasing,3,25,0
STU0419,12,5,8161.37,single,9428.42,stable,2,1,0
STU0420,16,2,2578.16,shared,11121.89,increasing,1,5,0
STU0421,7,10,10948.77,shared,5283.58,decreasing,8,6,1
STU0422,22,0,899.32,single,10902.55,stable,5,35,0
STU0423,7,9,11698.36,single,7187.94,decreasing,3,10,1
STU0424,14,9,11927.59,single,6839.8,decreasing,3,13,1
STU0425,24,0,0.0,shared,11693.48,stable,3,42,0
STU0426,21,3,1599.22,shared,6643.61,decreasing,7,43,0
STU0427,24,0,0.0,single,10809.93,increasing,5,37,0
STU0428,10,9,11912.61,shared,3321.95,decreasing,8,15,1
STU0429,22,1,2288.17,single,13575.87,increasing,3,28,0
STU0430,13,4,5494.38,shared,9506.63,increasing,4,10,0
STU0431,19,1,0.0,shared,7543.75,increasing,1,42,0
STU0432,16,1,0.0,shared,9438.87,stable,8,5,0
STU0433,18,2,1068.01,shared,4475.45,stable,5,36,0
STU0434,16,3,2099.85,shared,10956.33,increasing,5,25,0
STU0435,19,3,2948.88,single,9180.13,increasing,4,37,0
STU0436,17,3,5415.39,single,9130.41,stable,3,22,0
STU0437,11,7,10035.16,single,7922.08,stable,8,8,1
STU0438,16,4,3760.19,shared,6548.37,increasing,4,37,0
STU0439,24,0,0.0,shared,9736.68,increasing,6,31,0
STU0440,18,0,0.0,shared,8639.77,stable,1,23,0
STU0441,18,0,0.0,shared,9629.37,stable,3,18,0
STU0442,14,6,7285.12,single,8291.92,stable,7,17,0
STU0443,20,2,1519.45,shared,9283.0,increasing,1,24,0
STU0444,13,8,12974.1,single,8002.36,increasing,1,13,1
STU0445,23,0,1606.2,single,15862.17,increasing,7,14,0
STU0446,10,6,5082.85,shared,4080.17,decreasing,3,14,1
STU0447,10,3,1390.41,shared,11152.34,stable,3,1,0
STU0448,24,0,0.0,shared,11419.77,increasing,5,45,0
STU0449,14,8,10822.52,single,8047.98,decreasing,2,12,1
STU0450,21,0,0.0,shared,13573.18,stable,1,8,0
STU0451,14,2,3534.41,single,11672.68,stable,1,8,0
STU0452,24,0,0.0,shared,10427.85,stable,1,48,0
STU0453,14,4,5503.82,shared,8070.06,stable,2,23,0
STU0454,15,6,8242.82,single,8026.34,increasing,6,16,0
STU0455,17,4,7142.59,single,8836.11,increasing,3,20,0
STU0456,14,7,7945.22,single,11251.27,increasing,1,5,1
STU0457,17,0,0.0,shared,11502.97,stable,1,16,0
STU0458,11,7,7853.67,shared,8453.29,stable,4,12,1
STU0459,18,1,1425.52,shared,5721.39,increasing,7,39,0
STU0460,12,5,3533.45,shared,10061.07,increasing,3,3,0
STU0461,17,0,0.0,shared,10302.88,increasing,1,21,0
STU0462,24,0,0.0,single,11128.23,increasing,2,38,0
STU0463,24,0,0.0,shared,9863.75,stable,4,41,0
STU0464,20,4,6927.69,single,8061.58,increasing,2,25,0
STU0465,9,4,3513.41,shared,5677.53,stable,8,11,0
STU0466,13,4,3676.54,shared,5829.52,decreasing,7,17,0
STU0467,8,6,5483.5,shared,3911.34,decreasing,3,11,1
STU0468,17,3,1662.79,shared,8592.37,increasing,8,32,0
STU0469,18,4,7736.26,single,8812.37,stable,3,15,0
STU0470,17,4,3837.92,shared,6900.03,stable,2,31,0
STU0471,13,4,3497.69,shared,2000.0,increasing,8,32,0
STU0472,18,3,2552.97,shared,4881.71,increasing,8,46,0
STU0473,20,4,3866.99,single,12237.23,stable,3,18,0
STU0474,22,0,304.82,single,7873.49,stable,5,47,0
STU0475,21,2,4657.28,single,10687.07,stable,2,20,0
STU0476,17,6,8726.9,single,5537.48,decreasing,6,33,0
STU0477,24,0,151.22,shared,11596.76,stable,6,32,0
STU0478,24,0,0.0,shared,7639.93,increasing,6,40,0
STU0479,20,2,1055.26,shared,8725.1,stable,5,23,0
STU0480,24,0,0.0,shared,13814.45,increasing,6,39,0
STU0481,17,1,0.0,shared,11791.1,decreasing,5,18,0
STU0482,17,4,6137.23,single,9118.07,stable,7,24,0
STU0483,13,5,4973.47,shared,6516.95,stable,2,24,0
STU0484,22,0,2723.25,single,8418.59,decreasing,4,34,0
STU0485,22,0,1878.71,single,10573.16,decreasing,4,30,0
STU0486,8,7,6105.77,shared,7736.94,stable,5,4,1
STU0487,20,2,2590.36,shared,7011.89,stable,2,39,0
STU0488,24,3,3893.28,single,12962.69,stable,3,37,0
STU0489,11,3,1538.37,shared,7714.48,increasing,8,6,0
STU0490,24,0,0.0,shared,13748.97,increasing,1,47,0
STU0491,21,0,0.0,shared,8226.86,stable,6,32,0
STU0492,17,3,3268.97,shared,12463.3,stable,6,5,0
STU0493,22,0,0.0,shared,8893.3,stable,4,24,0
STU0494,24,0,1014.01,single,11277.69,stable,1,41,0
STU0495,11,4,4772.38,shared,6188.47,increasing,1,14,0
STU0496,22,0,213.03,shared,5865.6,increasing,3,45,0
STU0497,14,4,4211.22,shared,9149.26,stable,1,21,0
STU0498,14,4,4648.76,shared,10471.38,increasing,1,11,0
STU0499,17,4,6526.64,single,9213.6,stable,2,18,0
STU0500,9,5,5450.05,shared,4784.02,stable,2,26,1
STU0501,16,4,5349.27,shared,4599.35,stable,7,34,0
STU0502,17,3,2844.28,shared,4432.16,increasing,6,45,0
STU0503,7,10,11496.11,shared,3580.94,stable,1,10,1
STU0504,22,0,480.52,shared,8273.71,increasing,6,47,0
STU0505,22,0,0.03,shared,10812.61,increasing,2,26,0
STU0506,12,4,3596.86,shared,7966.46,increasing,4,7,0
STU0507,21,5,7425.29,single,4141.05,increasing,1,45,0
STU0508,14,4,5134.71,shared,7523.1,stable,1,17,0
STU0509,17,2,2061.47,shared,7593.0,stable,2,30,0
STU0510,24,0,756.95,single,13724.19,increasing,4,34,0
STU0511,5,12,15683.68,single,5963.01,stable,4,1,1
STU0512,13,3,2878.2,shared,7023.31,decreasing,3,11,0
STU0513,24,0,434.6,single,13624.6,stable,5,33,0
STU0514,24,1,1305.68,single,11533.21,stable,6,16,0
STU0515,12,3,4658.89,single,10467.66,decreasing,6,1,0
STU0516,12,8,10881.15,single,9895.18,increasing,5,2,1
STU0517,23,1,1778.56,single,10306.95,increasing,5,40,0
STU0518,15,4,4212.22,shared,9944.02,decreasing,4,8,0
STU0519,11,8,12275.96,single,7419.12,stable,2,5,1
STU0520,20,0,0.0,shared,10195.15,decreasing,4,27,0
STU0521,9,5,5038.63,shared,4567.49,decreasing,1,6,1
STU0522,22,1,2804.35,single,11009.79,increasing,8,32,0
STU0523,22,0,1086.1,single,9945.73,stable,3,27,0
STU0524,18,2,195.36,shared,6459.27,increasing,7,32,0
STU0525,18,4,6608.87,single,9092.4,stable,8,24,0
STU0526,21,4,6197.14,single,8326.63,stable,4,38,0
STU0527,21,1,2995.44,shared,5320.75,increasing,7,31,0
STU0528,13,5,6389.88,shared,7115.96,increasing,4,20,0
STU0529,7,7,8325.15,shared,5240.03,decreasing,2,1,1
STU0530,15,4,6012.28,single,10245.95,increasing,1,14,0
STU0531,12,6,6595.0,shared,5124.79,stable,2,7,1
STU0532,14,2,0.0,shared,9779.94,stable,8,1,0
STU0533,11,7,8086.68,single,7162.24,decreasing,4,14,1
STU0534,12,3,1739.8,shared,6584.26,decreasing,3,10,0
STU0535,11,6,8442.84,single,8062.95,increasing,4,4,1
STU0536,19,3,1996.88,single,13317.2,increasing,3,15,0
STU0537,20,2,531.82,shared,8825.72,stable,7,25,0
STU0538,15,3,4415.46,single,9579.53,stable,8,9,0
STU0539,18,4,5403.6,single,11206.51,stable,1,14,0
STU0540,3,9,9728.47,shared,2732.02,increasing,6,1,1
STU0541,11,5,4474.66,shared,7892.17,decreasing,3,3,1
STU0542,18,3,3374.83,shared,12993.79,increasing,1,8,0
STU0543,17,3,3012.51,shared,8330.87,stable,8,22,0
STU0544,18,3,1814.23,shared,8169.78,stable,1,32,0
STU0545,24,3,4273.1,single,11723.7,stable,2,38,0
STU0546,19,0,0.0,shared,10239.01,increasing,1,31,0
STU0547,16,4,5795.73,single,4908.77,decreasing,4,30,0
STU0548,19,2,3327.46,single,5356.05,stable,5,45,0
STU0549,18,1,931.66,shared,8525.73,increasing,3,13,0
STU0550,17,0,0.0,shared,6212.81,stable,1,39,0
STU0551,24,0,0.0,shared,11280.06,decreasing,1,45,0
STU0552,17,3,4708.41,single,8989.68,stable,8,28,0
STU0553,18,5,8046.82,single,3807.94,decreasing,7,41,0
STU0554,5,9,8102.8,shared,4829.97,stable,8,7,1
STU0555,16,4,6731.71,single,3516.96,increasing,5,43,0
STU0556,15,6,9246.81,single,8807.79,decreasing,5,28,0
STU0557,14,6,8931.91,single,8128.8,decreasing,7,11,1
STU0558,8,5,7188.97,shared,6938.84,decreasing,5,3,1
STU0559,20,0,0.0,shared,10697.2,stable,4,35,0
STU0560,22,0,0.0,shared,10996.3,stable,3,21,0
STU0561,13,4,8766.84,single,8888.32,stable,4,15,0
STU0562,13,5,8552.49,single,4704.44,stable,1,19,0
STU0563,24,0,0.0,shared,9543.2,stable,2,48,0
STU0564,21,0,0.0,shared,9388.4,decreasing,6,21,0
STU0565,13,3,1724.74,shared,8773.48,stable,7,4,0
STU0566,15,1,0.0,shared,10453.7,increasing,1,14,0
STU0567,6,8,8189.08,shared,5087.93,stable,1,7,1
STU0568,24,0,732.82,single,14434.4,decreasing,1,33,0
STU0569,20,3,4304.45,single,7624.25,stable,7,39,0
STU0570,24,0,0.0,shared,9873.06,increasing,3,41,0
STU0571,17,2,4642.87,single,4470.67,increasing,3,31,0
STU0572,16,2,1411.14,shared,5674.34,increasing,1,37,0
STU0573,21,0,0.0,shared,11790.92,increasing,8,21,0
STU0574,20,0,0.0,shared,7347.75,increasing,4,31,0
STU0575,16,2,0.0,shared,10099.81,increasing,7,6,0
STU0576,18,3,1428.17,shared,8592.39,increasing,6,26,0
STU0577,17,3,2853.78,shared,7737.6,decreasing,2,27,0
STU0578,11,3,2107.49,shared,11409.63,increasing,7,2,0
STU0579,15,4,4754.03,shared,7408.35,stable,5,27,0
STU0580,17,5,8518.97,single,4892.21,increasing,5,35,0
STU0581,12,4,4973.12,shared,5991.9,decreasing,2,18,0
STU0582,20,1,401.7,shared,9377.98,increasing,7,27,0
STU0583,19,2,3498.88,single,10738.67,decreasing,8,14,0
STU0584,7,7,11287.93,single,4742.8,decreasing,4,13,1
STU0585,9,7,8391.04,shared,6189.14,decreasing,1,7,1
STU0586,13,5,5394.24,shared,6545.7,decreasing,7,16,0
STU0587,19,3,6239.5,single,7543.81,decreasing,8,39,0
STU0588,24,1,416.0,single,6254.73,increasing,5,45,0
STU0589,20,1,2248.68,single,7739.05,decreasing,5,31,0
STU0590,18,5,7199.88,single,6628.87,decreasing,2,30,0
STU0591,24,0,0.0,shared,9928.83,stable,1,30,0
STU0592,16,2,2467.97,shared,10022.8,increasing,8,23,0
STU0593,18,4,4367.74,single,9880.54,stable,4,21,0
STU0594,18,0,358.18,shared,7019.9,increasing,3,30,0
STU0595,21,0,0.0,single,9872.84,increasing,6,38,0
STU0596,16,1,1340.39,single,8122.64,increasing,1,20,0
STU0597,12,6,6195.78,shared,5132.92,increasing,1,28,1
STU0598,15,2,1234.38,shared,5649.45,decreasing,2,23,0
STU0599,14,4,2279.64,shared,6412.97,stable,4,14,0
STU0600,11,6,7086.18,shared,5091.32,stable,3,14,1
STU0601,8,7,7818.63,shared,8405.15,decreasing,2,4,1
STU0602,16,0,0.0,shared,9824.29,increasing,3,22,0
STU0603,16,3,2561.71,shared,4032.25,stable,3,35,0
STU0604,20,3,2350.99,shared,8062.82,increasing,5,33,0
STU0605,18,4,3652.05,shared,7450.16,increasing,5,48,0
STU0606,14,5,6359.93,shared,8853.77,stable,8,2,0
STU0607,21,0,0.0,shared,7967.65,increasing,7,37,0
STU0608,17,3,4268.65,single,5829.39,increasing,3,39,0
STU0609,14,5,5278.94,shared,4844.03,decreasing,8,21,0
STU0610,13,4,2503.4,shared,8073.56,stable,5,14,0
STU0611,17,2,555.89,shared,10571.95,increasing,2,18,0
STU0612,14,4,4304.24,shared,2464.53,stable,3,33,0
STU0613,24,0,0.0,shared,8864.32,increasing,6,42,0
STU0614,24,0,0.0,shared,10974.06,increasing,7,31,0
STU0615,20,2,4087.93,single,9601.43,increasing,3,25,0
STU0616,22,0,0.0,shared,9375.51,stable,2,32,0
STU0617,10,5,4610.46,shared,6242.33,decreasing,2,4,1
STU0618,18,1,2119.48,single,9431.69,stable,1,30,0
STU0619,9,11,14800.83,single,5944.89,decreasing,6,3,1
STU0620,17,8,9807.61,single,3680.5,increasing,5,47,1
STU0621,24,0,0.0,shared,10356.91,increasing,4,43,0
STU0622,14,2,1118.37,shared,5537.51,decreasing,6,25,0
STU0623,15,2,2632.36,shared,6861.18,decreasing,7,18,0
STU0624,16,4,4710.97,shared,4533.89,stable,7,36,0
STU0625,9,9,11298.8,shared,4475.08,stable,2,31,1
STU0626,20,0,0.0,shared,7565.41,stable,5,34,0
STU0627,16,3,2302.2,shared,6176.06,decreasing,8,25,0
STU0628,16,4,4611.42,single,9640.83,decreasing,7,12,0
STU0629,12,5,3925.11,shared,9131.35,decreasing,3,4,0
STU0630,18,1,1131.79,shared,8802.12,increasing,4,14,0
STU0631,19,0,198.02,shared,8596.5,stable,8,26,0
STU0632,22,0,0.0,shared,11944.42,stable,1,21,0
STU0633,18,5,6939.2,single,7350.16,decreasing,5,25,0
STU0634,16,4,5860.19,single,9090.77,stable,1,14,0
STU0635,24,0,1130.0,single,13037.38,stable,8,46,0
STU0636,16,3,2447.58,single,12617.43,increasing,1,18,0
STU0637,17,1,0.0,shared,4445.59,stable,1,41,0
STU0638,16,4,4206.76,shared,7219.11,increasing,3,19,0
STU0639,20,0,0.0,shared,11395.3,increasing,2,22,0
STU0640,21,0,0.0,shared,9270.2,increasing,4,29,0
STU0641,14,6,6088.87,shared,8488.16,decreasing,3,13,0
STU0642,15,1,497.3,shared,7455.79,increasing,3,11,0
STU0643,15,4,5977.02,single,7875.06,stable,5,19,0
STU0644,24,0,726.26,single,9386.53,increasing,5,39,0
STU0645,12,4,4539.21,shared,7369.06,increasing,8,7,0
STU0646,19,2,1501.17,shared,7893.55,stable,4,22,0
STU0647,18,3,4027.93,single,9500.38,increasing,5,33,0
STU0648,17,1,292.0,shared,6304.82,stable,6,34,0
STU0649,19,1,183.62,shared,9330.32,increasing,2,21,0
STU0650,24,0,1700.96,single,16781.83,stable,6,4,0
STU0651,5,10,12252.69,shared,3557.53,decreasing,7,1,1
STU0652,17,2,2293.05,shared,8810.03,increasing,3,23,0
STU0653,21,1,0.0,shared,6099.52,increasing,2,39,0
STU0654,15,5,6385.63,single,10601.23,increasing,3,2,0
STU0655,22,0,0.0,shared,8116.39,stable,3,43,0
STU0656,24,0,530.43,single,12173.32,stable,5,33,0
STU0657,16,2,0.0,shared,10938.77,increasing,7,1,0
STU0658,21,1,3510.18,single,9705.04,increasing,5,17,0
STU0659,18,3,2858.83,shared,10830.13,stable,2,11,0
STU0660,19,6,8746.95,single,4315.79,decreasing,3,46,0
STU0661,24,0,1010.33,single,14209.23,stable,6,27,0
STU0662,17,2,1282.25,shared,8937.66,stable,3,16,0
STU0663,19,2,3793.82,single,12173.39,increasing,5,14,0
STU0664,17,2,2581.38,single,6495.39,decreasing,6,28,0
STU0665,7,9,12114.84,single,6929.96,decreasing,3,1,1
STU0666,17,2,1087.23,shared,8364.85,increasing,6,13,0
STU0667,10,6,6630.03,shared,7957.41,stable,4,8,1
STU0668,19,1,0.0,shared,8707.67,stable,2,30,0
STU0669,24,1,0.0,single,12815.0,stable,3,33,0
STU0670,15,3,1980.26,shared,3586.95,decreasing,4,23,0
STU0671,15,3,4264.82,single,11827.57,increasing,1,7,0
STU0672,14,6,6060.78,shared,8020.7,stable,8,18,0
STU0673,20,2,2960.17,shared,7490.55,decreasing,5,41,0
STU0674,12,5,5934.41,shared,4322.21,decreasing,1,10,0
STU0675,8,6,5892.89,shared,9257.62,decreasing,7,8,1
STU0676,3,12,16420.6,single,2980.03,decreasing,7,6,1
STU0677,24,0,0.0,shared,9620.99,stable,1,40,0
STU0678,8,8,8369.43,shared,4269.74,decreasing,2,6,1
STU0679,18,7,9326.4,single,9555.43,stable,3,28,0
STU0680,24,0,0.0,single,10022.25,increasing,5,48,0
STU0681,24,1,3293.85,single,12167.03,increasing,6,31,0
STU0682,19,0,1512.65,single,9198.96,increasing,4,20,0
STU0683,17,3,4048.33,single,8960.99,stable,5,10,0
STU0684,9,8,8475.52,shared,6733.49,decreasing,1,1,1
STU0685,15,3,2432.32,shared,11182.21,decreasing,6,8,0
STU0686,24,0,526.68,single,11484.04,increasing,8,46,0
STU0687,9,7,6810.14,shared,7035.93,decreasing,5,7,1
STU0688,7,10,10234.39,shared,7408.88,stable,4,1,1
STU0689,13,2,2126.65,shared,4082.06,increasing,3,40,0
STU0690,14,5,4296.27,shared,8971.19,stable,8,21,0
STU0691,9,4,6152.46,single,4625.19,increasing,1,18,1
STU0692,20,1,0.0,shared,9879.49,increasing,3,35,0
STU0693,20,2,3470.67,single,10046.46,decreasing,2,26,0
STU0694,24,0,74.29,single,14963.23,stable,7,44,0
STU0695,7,8,8490.9,shared,5249.66,decreasing,4,23,1
STU0696,18,3,2637.27,shared,7743.34,decreasing,8,35,0
STU0697,24,0,0.0,shared,12495.72,increasing,6,43,0
STU0698,19,1,254.79,shared,10978.47,decreasing,5,23,0
STU0699,15,3,3213.81,shared,6259.47,stable,5,14,0
STU0700,24,0,780.31,single,9860.14,stable,2,47,0
STU0701,16,5,6527.61,single,9369.31,decreasing,5,11,0
STU0702,13,8,9526.84,single,10194.94,decreasing,6,2,1
STU0703,17,6,7993.03,single,7425.43,decreasing,8,28,0
STU0704,22,0,0.0,shared,7776.7,increasing,5,48,0
STU0705,9,6,7980.28,single,6222.86,decreasing,8,5,1
STU0706,21,0,0.0,shared,8337.81,stable,8,41,0
STU0707,23,0,0.0,shared,9125.05,increasing,5,40,0
STU0708,22,0,0.0,shared,7431.45,stable,4,45,0
STU0709,9,7,8625.05,shared,3962.37,increasing,2,21,1
STU0710,18,0,0.0,shared,10471.33,stable,3,13,0
STU0711,19,2,226.27,shared,8911.31,increasing,8,25,0
STU0712,9,7,6378.41,shared,6184.96,stable,2,7,1
STU0713,21,0,0.0,shared,7298.5,stable,4,41,0
STU0714,15,3,4337.66,shared,4248.33,increasing,6,32,0
STU0715,12,2,1181.46,shared,5436.47,stable,2,24,0
STU0716,18,3,4586.44,single,8653.29,stable,8,25,0
STU0717,23,0,0.0,shared,11071.05,increasing,6,35,0
STU0718,15,5,5615.78,single,7158.47,decreasing,1,26,0
STU0719,21,0,526.79,shared,9600.53,stable,2,41,0
STU0720,21,1,2645.97,shared,6654.21,stable,6,45,0
STU0721,24,0,0.0,shared,8619.87,increasing,7,46,0
STU0722,17,2,1155.52,shared,7646.51,stable,8,30,0
STU0723,24,1,1371.89,single,10727.76,increasing,7,36,0
STU0724,14,4,3535.78,shared,6662.97,increasing,1,15,0
STU0725,9,9,12123.72,single,5052.66,decreasing,6,2,1
STU0726,15,5,8409.74,single,6013.47,increasing,1,20,0
STU0727,24,0,1189.31,single,7987.45,increasing,1,42,0
STU0728,9,9,11327.55,single,7076.92,decreasing,6,7,1
STU0729,14,2,873.99,shared,9025.53,increasing,4,27,0
STU0730,10,6,6689.45,shared,6835.58,decreasing,6,10,1
STU0731,24,0,0.0,single,15509.33,stable,7,21,0
STU0732,9,8,9650.92,single,5352.33,decreasing,1,7,1
STU0733,23,0,3056.03,single,9578.09,stable,5,36,0
STU0734,23,0,791.27,single,7108.72,decreasing,7,39,0
STU0735,21,0,1206.08,single,7710.47,decreasing,4,37,0
STU0736,22,0,0.0,shared,8353.55,increasing,5,34,0
STU0737,7,10,14406.14,single,4279.64,stable,4,12,1
STU0738,18,4,7543.16,single,10197.5,increasing,8,26,0
STU0739,22,0,954.56,single,14169.16,increasing,1,6,0
STU0740,14,6,4651.67,shared,6866.4,stable,8,18,0
STU0741,17,3,3408.06,single,8718.76,stable,7,25,0
STU0742,23,0,269.02,single,12213.43,stable,7,33,0
STU0743,9,4,3393.25,shared,7590.12,increasing,4,5,0
STU0744,20,0,0.0,single,8022.29,increasing,5,40,0
STU0745,7,10,12472.74,shared,2310.66,decreasing,3,23,1
STU0746,21,2,0.0,shared,9602.48,stable,3,43,0
STU0747,18,4,7496.25,single,8646.98,decreasing,8,26,0
STU0748,13,3,4600.39,shared,5468.29,increasing,5,27,0
STU0749,22,2,904.27,shared,8316.49,increasing,6,34,0
STU0750,20,0,0.0,shared,6540.8,decreasing,1,40,0
STU0751,13,5,6029.07,single,8259.89,decreasing,7,8,0
STU0752,20,4,6193.36,single,11535.41,increasing,6,25,0
STU0753,7,10,13160.15,single,5611.03,increasing,8,2,1
STU0754,20,3,920.02,shared,10618.29,increasing,2,23,0
STU0755,19,2,1434.8,shared,4505.78,increasing,5,40,0
STU0756,21,2,3387.86,single,6975.94,decreasing,5,42,0
STU0757,24,0,15.26,single,14397.19,increasing,5,14,0
STU0758,19,0,0.0,shared,10818.39,stable,1,19,0
STU0759,21,1,1480.89,single,9558.65,stable,4,27,0
STU0760,12,7,9287.72,shared,5648.67,stable,3,20,1
STU0761,7,8,7273.42,shared,6676.82,stable,5,9,1
STU0762,18,3,6124.86,single,10603.82,increasing,2,15,0
STU0763,18,2,2539.25,single,8961.59,increasing,4,20,0
STU0764,19,3,4795.78,single,8688.02,increasing,5,25,0
STU0765,24,0,0.0,shared,7922.92,stable,1,45,0
STU0766,19,3,4282.11,single,9827.77,increasing,7,27,0
STU0767,11,8,12051.78,single,5663.88,decreasing,6,19,1
STU0768,21,1,3970.44,single,8195.9,increasing,1,32,0
STU0769,24,1,3152.75,single,11585.17,increasing,1,38,0
STU0770,11,1,108.27,shared,4579.16,stable,7,21,0
STU0771,20,3,4947.97,single,8908.54,stable,3,24,0
STU0772,9,10,10325.33,shared,5950.62,decreasing,7,11,1
STU0773,21,0,0.0,shared,8278.38,stable,4,42,0
STU0774,24,0,0.0,shared,7028.42,increasing,3,42,0
STU0775,21,1,1234.84,single,13517.27,increasing,3,9,0
STU0776,16,1,59.64,shared,9266.46,increasing,6,17,0
STU0777,10,8,6980.11,shared,4720.49,decreasing,1,14,1
STU0778,24,0,700.47,single,11687.83,decreasing,4,45,0
STU0779,3,10,12606.52,shared,6063.37,increasing,3,4,1
STU0780,9,7,8538.28,shared,6557.51,stable,2,10,1
STU0781,17,4,5207.37,single,10049.61,increasing,3,16,0
STU0782,16,7,5987.53,shared,6770.63,decreasing,5,27,0
STU0783,16,2,1325.01,shared,10232.14,stable,6,12,0
STU0784,17,3,373.01,shared,6063.72,stable,1,26,0
STU0785,18,0,142.26,shared,6452.63,stable,7,36,0
STU0786,18,3,4828.98,single,7049.54,stable,8,40,0
STU0787,10,7,9243.42,shared,6585.9,decreasing,6,5,1
STU0788,17,1,54.91,single,12787.48,stable,8,7,0
STU0789,13,0,0.0,shared,9571.99,stable,4,5,0
STU0790,24,0,0.0,shared,12274.86,decreasing,7,44,0
STU0791,24,1,1068.72,single,15334.88,increasing,6,32,0
STU0792,10,6,5016.68,shared,5423.21,stable,5,26,1
STU0793,23,0,1578.94,single,10112.04,increasing,2,38,0
STU0794,16,2,4644.3,single,6212.27,increasing,5,29,0
STU0795,10,8,12873.0,single,6747.51,stable,8,12,1
STU0796,18,4,7159.35,single,7658.03,stable,8,25,0
STU0797,21,0,810.85,single,7301.68,stable,4,34,0
STU0798,8,10,12506.25,single,6599.28,stable,2,2,1
STU0799,18,3,1085.62,shared,7639.29,increasing,6,30,0
STU0800,13,6,7929.49,shared,4958.2,stable,1,24,1
STU0801,13,4,2506.03,shared,10105.32,increasing,2,4,0
STU0802,13,7,11237.46,single,7618.47,decreasing,5,13,1
STU0803,24,0,0.0,shared,15023.92,increasing,8,22,0
STU0804,14,5,5299.17,shared,6871.54,stable,3,17,0
STU0805,18,0,697.87,single,9968.4,decreasing,4,14,0
STU0806,15,3,5839.75,single,6139.48,stable,3,32,0
STU0807,19,0,0.0,shared,12265.23,increasing,4,20,0
STU0808,18,2,2718.04,single,12084.97,increasing,1,24,0
STU0809,24,0,0.0,shared,8742.29,increasing,5,39,0
STU0810,8,8,8761.08,shared,4632.99,increasing,5,5,1
STU0811,18,5,6232.45,single,9794.77,decreasing,3,18,0
STU0812,7,11,15260.45,single,6929.17,decreasing,3,4,1
STU0813,24,0,0.0,shared,11655.89,decreasing,7,45,0
STU0814,14,3,2585.46,shared,10022.99,increasing,2,9,0
STU0815,24,0,634.93,single,9408.06,increasing,1,40,0
STU0816,7,8,8090.88,shared,2000.0,decreasing,1,10,1
STU0817,9,7,9303.85,shared,5541.46,decreasing,8,16,1
STU0818,20,0,88.7,shared,9719.4,increasing,3,30,0
STU0819,24,1,428.95,shared,11032.21,increasing,1,40,0
STU0820,23,1,1470.44,single,12278.33,increasing,8,9,0
STU0821,10,7,9775.92,single,5491.75,decreasing,2,11,1
STU0822,24,1,1269.25,shared,8753.88,increasing,3,43,0
STU0823,21,1,1574.06,single,11814.05,increasing,1,16,0
STU0824,9,7,7189.32,shared,3854.16,decreasing,6,11,1
STU0825,18,1,1875.2,shared,7980.24,decreasing,6,36,0
STU0826,15,7,9383.57,single,9791.71,decreasing,7,5,1
STU0827,18,1,1881.21,shared,7248.09,increasing,3,42,0
STU0828,23,2,2688.64,single,5419.78,stable,3,43,0
STU0829,22,1,640.32,shared,7185.75,increasing,8,42,0
STU0830,10,8,12826.8,single,8961.9,decreasing,7,15,1
STU0831,10,5,4885.28,shared,7629.82,stable,1,6,1
STU0832,16,4,3547.3,shared,6591.32,stable,6,21,0
STU0833,14,9,10921.64,single,8070.69,decreasing,7,17,1
STU0834,24,0,0.0,shared,7900.73,stable,5,47,0
STU0835,19,1,0.0,shared,9106.14,increasing,6,31,0
STU0836,20,1,19.35,shared,7238.93,stable,1,46,0
STU0837,19,3,1319.12,shared,6975.88,stable,1,37,0
STU0838,20,0,322.26,shared,8230.89,increasing,1,35,0
STU0839,5,8,10275.23,shared,3197.71,decreasing,2,6,1
STU0840,15,0,0.0,shared,9192.59,increasing,8,4,0
STU0841,9,6,7264.73,single,8540.81,stable,6,3,1
STU0842,19,0,321.02,shared,8099.23,increasing,7,29,0
STU0843,16,2,473.79,shared,10401.84,increasing,3,10,0
STU0844,15,7,6827.1,shared,3117.96,decreasing,8,48,1
STU0845,5,11,13280.4,single,4383.2,stable,2,7,1
STU0846,24,0,0.0,shared,8684.51,increasing,8,46,0
STU0847,24,0,0.0,single,9215.31,stable,1,33,0
STU0848,13,6,5313.36,shared,8425.44,decreasing,1,6,1
STU0849,7,11,15232.85,single,8077.05,stable,1,3,1
STU0850,11,5,4175.47,shared,9660.88,increasing,7,20,0
STU0851,21,0,1022.46,single,12221.53,increasing,3,17,0
STU0852,18,4,4913.71,single,11086.39,stable,4,16,0
STU0853,19,0,0.0,shared,7347.93,increasing,4,26,0
STU0854,4,10,13511.28,shared,2730.78,decreasing,7,7,1
STU0855,17,7,8815.63,single,11572.55,increasing,3,7,0
STU0856,24,0,0.0,shared,11054.32,stable,1,34,0
STU0857,24,0,0.0,shared,9611.4,stable,4,48,0
STU0858,10,6,7849.97,shared,5800.89,stable,3,14,1
STU0859,24,0,353.84,single,11126.35,stable,6,45,0
STU0860,18,0,0.0,shared,10151.32,stable,7,17,0
STU0861,19,1,0.0,shared,11897.04,increasing,1,17,0
STU0862,10,8,9340.12,shared,5809.73,decreasing,7,5,1
STU0863,14,3,3155.93,shared,7433.86,stable,1,21,0
STU0864,16,1,0.0,shared,9868.18,stable,5,24,0
STU0865,24,0,2071.83,single,10133.86,stable,4,32,0
STU0866,7,7,6860.01,shared,5206.68,stable,3,8,1
STU0867,13,3,3022.45,shared,9036.54,increasing,4,10,0
STU0868,18,0,0.0,shared,9446.65,stable,3,21,0
STU0869,13,8,10999.64,single,9666.14,stable,7,4,1
STU0870,14,6,7689.09,single,10326.13,decreasing,8,7,1
STU0871,18,2,1346.99,shared,7353.24,stable,7,31,0
STU0872,24,1,556.23,single,13793.87,decreasing,4,46,0
STU0873,16,4,4185.32,shared,5748.27,stable,5,28,0
STU0874,7,8,10952.02,single,7947.76,increasing,4,7,1
STU0875,24,0,0.0,shared,8027.46,stable,7,48,0
STU0876,20,0,0.0,shared,10197.39,increasing,5,26,0
STU0877,19,4,6515.63,single,6122.47,increasing,4,35,0
STU0878,7,10,12999.85,single,5891.96,increasing,4,10,1
STU0879,11,5,5435.39,shared,2905.68,decreasing,4,28,1
STU0880,10,3,1382.19,shared,8081.74,increasing,5,4,0
STU0881,18,2,3965.1,shared,5204.24,stable,6,31,0
STU0882,10,5,6003.33,shared,7038.62,decreasing,4,10,1
STU0883,24,0,0.0,shared,9653.45,stable,7,44,0
STU0884,7,8,9812.69,shared,6396.14,decreasing,7,3,1
STU0885,22,2,1301.7,single,10793.66,increasing,4,32,0
STU0886,13,9,9326.94,single,9435.89,stable,8,7,1
STU0887,24,0,405.41,single,11301.99,stable,2,33,0
STU0888,16,3,3179.91,single,10276.87,decreasing,8,24,0
STU0889,22,0,979.72,single,8557.85,stable,3,47,0
STU0890,15,3,2668.9,shared,7578.37,stable,5,32,0
STU0891,18,3,5194.55,single,12172.44,decreasing,3,18,0
STU0892,11,3,1114.22,shared,8983.44,stable,4,5,0
STU0893,12,7,10465.23,single,5562.7,stable,3,29,1
STU0894,18,0,953.68,single,10404.73,stable,6,22,0
STU0895,3,11,12754.24,shared,5288.47,decreasing,1,3,1
STU0896,20,0,0.0,shared,11531.28,increasing,7,28,0
STU0897,22,0,1844.63,single,13590.01,increasing,8,11,0
STU0898,16,2,3344.24,single,9681.68,stable,5,12,0
STU0899,12,5,8884.52,single,9264.39,stable,5,1,0
STU0900,12,4,2888.0,shared,7477.42,increasing,6,18,0
STU0901,12,4,4088.38,shared,9696.31,stable,2,11,0
STU0902,9,8,10749.53,single,8605.35,decreasing,6,4,1
STU0903,19,5,6616.0,single,10375.05,decreasing,2,21,0
STU0904,17,3,2705.34,shared,10179.84,stable,6,11,0
STU0905,12,6,5911.5,shared,6595.48,decreasing,3,7,1
STU0906,16,5,2369.11,shared,6459.52,decreasing,6,23,0
STU0907,6,9,6985.02,shared,5014.09,decreasing,7,4,1
STU0908,23,1,3937.83,single,6897.31,increasing,2,48,0
STU0909,11,9,13959.12,single,3807.6,stable,5,23,1
STU0910,24,1,3987.82,single,10663.47,stable,4,48,0
STU0911,24,0,0.0,shared,12522.29,decreasing,3,43,0
STU0912,24,0,0.0,shared,11563.32,decreasing,5,48,0
STU0913,12,4,3790.2,shared,3934.79,increasing,8,27,0
STU0914,20,0,0.0,shared,9812.14,decreasing,1,21,0
STU0915,21,0,0.0,shared,11555.27,increasing,8,35,0
STU0916,8,7,9019.88,shared,6857.98,increasing,7,4,1
STU0917,24,2,5590.9,single,10324.02,stable,5,41,0
STU0918,10,10,14306.38,single,4479.31,decreasing,5,16,1
STU0919,9,9,11741.35,single,10318.57,decreasing,3,1,1
STU0920,11,7,6303.87,shared,5341.1,increasing,2,12,1
STU0921,17,2,4935.95,single,10069.92,stable,5,12,0
STU0922,6,9,10261.76,shared,4096.99,decreasing,7,1,1
STU0923,19,0,0.0,shared,9357.15,increasing,2,33,0
STU0924,14,0,0.0,shared,10561.28,stable,6,5,0
STU0925,20,2,3151.36,single,7752.86,decreasing,6,41,0
STU0926,14,8,11255.27,single,6610.69,stable,7,22,1
STU0927,19,4,5290.78,single,3778.36,increasing,3,35,0
STU0928,14,7,8386.99,shared,7333.97,stable,4,17,1
STU0929,8,7,7313.69,shared,6546.02,stable,4,7,1
STU0930,8,11,13740.43,shared,4122.45,decreasing,7,9,1
STU0931,20,2,3098.08,single,10671.86,stable,8,32,0
STU0932,18,3,4772.25,single,7943.67,increasing,4,35,0
STU0933,8,5,3991.08,shared,5310.66,stable,8,13,1
STU0934,12,6,6967.72,shared,6613.57,stable,5,18,1
STU0935,24,0,0.0,shared,10678.26,stable,4,46,0
STU0936,24,0,285.89,single,11517.95,stable,1,41,0
STU0937,16,4,3649.81,shared,7674.93,decreasing,5,20,0
STU0938,14,7,9394.73,single,10843.31,decreasing,6,12,1
STU0939,10,8,7129.25,shared,5097.72,decreasing,8,15,1
STU0940,21,1,1946.36,single,10152.22,stable,6,26,0
STU0941,19,2,4213.48,single,9878.32,stable,1,28,0
STU0942,10,6,5797.85,shared,6825.41,decreasing,5,9,1
STU0943,15,6,7846.18,single,10860.58,decreasing,6,4,0
STU0944,14,6,6455.07,shared,6048.92,decreasing,4,24,0
STU0945,23,0,0.0,shared,9274.55,stable,4,39,0
STU0946,19,5,5837.62,single,10879.09,stable,7,8,0
STU0947,8,9,10463.65,shared,2000.0,decreasing,5,20,1
STU0948,18,0,0.0,shared,10975.76,increasing,6,8,0
STU0949,7,9,9448.82,shared,2000.0,decreasing,4,12,1
STU0950,17,6,8013.34,single,8747.84,increasing,3,30,0
STU0951,15,5,3033.86,shared,10563.37,stable,5,14,0
STU0952,12,8,11811.85,single,8196.9,decreasing,8,13,1
STU0953,20,3,5064.05,single,6290.61,decreasing,5,48,0
STU0954,10,7,9089.1,single,6404.66,decreasing,6,9,1
STU0955,17,2,907.18,shared,10567.26,increasing,1,10,0
STU0956,20,4,3116.96,shared,3196.24,stable,8,45,0
STU0957,22,0,0.0,shared,10822.48,decreasing,2,27,0
STU0958,9,7,5760.53,shared,7862.24,increasing,8,3,1
STU0959,8,7,6580.37,shared,5019.01,decreasing,4,21,1
STU0960,16,2,2776.01,shared,6542.21,stable,8,28,0
STU0961,10,6,5648.34,shared,5456.94,stable,8,13,1
STU0962,21,0,0.0,shared,10165.56,increasing,7,27,0
STU0963,24,2,2387.41,single,11175.25,stable,8,32,0
STU0964,12,7,10935.18,single,4829.04,increasing,5,13,1
STU0965,22,0,0.0,shared,6991.02,decreasing,7,39,0
STU0966,12,4,3962.92,shared,5842.04,increasing,2,22,0
STU0967,24,0,0.0,shared,11233.77,stable,1,47,0
STU0968,8,11,17165.73,single,5747.14,stable,5,5,1
STU0969,18,3,2428.84,shared,12010.57,increasing,7,16,0
STU0970,22,2,3027.1,single,8533.28,decreasing,7,35,0
STU0971,22,2,4489.15,single,7305.98,increasing,5,43,0
STU0972,10,7,11897.25,single,7606.19,decreasing,5,11,1
STU0973,24,1,1002.28,single,7120.59,increasing,5,48,0
STU0974,9,7,6835.5,shared,4813.45,decreasing,7,10,1
STU0975,15,5,6707.65,single,10369.65,stable,7,20,0
STU0976,11,6,6043.38,shared,4930.21,increasing,1,16,1
STU0977,10,7,7684.88,shared,2549.08,stable,5,21,1
STU0978,24,0,0.0,shared,7050.81,increasing,4,44,0
STU0979,14,4,5680.03,shared,3492.86,decreasing,7,36,0
STU0980,23,3,3414.45,single,8419.62,decreasing,5,39,0
STU0981,11,9,9740.7,shared,5727.24,stable,8,13,1
STU0982,18,0,172.54,shared,5821.96,increasing,4,46,0
STU0983,19,0,0.0,shared,13002.41,increasing,6,21,0
STU0984,22,0,0.0,shared,8141.03,stable,1,32,0
STU0985,24,0,0.0,single,10490.86,stable,8,34,0
STU0986,15,5,5236.15,shared,3559.0,decreasing,2,32,0
STU0987,20,4,5551.91,single,6607.04,increasing,4,29,0
STU0988,20,2,3759.11,single,8974.17,increasing,7,24,0
STU0989,19,4,4934.11,single,6429.62,stable,8,32,0
STU0990,24,0,0.0,shared,10270.16,stable,4,44,0
STU0991,15,3,2966.56,shared,4993.26,stable,4,19,0
STU0992,17,2,1497.22,shared,7284.08,increasing,1,25,0
STU0993,10,3,4060.85,shared,6534.87,increasing,8,9,0
STU0994,15,3,4270.77,single,9276.26,stable,1,18,0
STU0995,20,0,0.0,shared,6398.77,stable,1,38,0
STU0996,15,4,3153.82,shared,7322.77,increasing,4,31,0
STU0997,14,4,3496.02,shared,7409.67,stable,1,11,0
STU0998,15,6,8457.31,single,7678.19,decreasing,2,27,1
STU0999,23,0,0.0,shared,9212.73,increasing,6,39,0
STU1000,14,3,2456.78,single,10800.92,increasing,6,6,0
